Sample Index,True MEP,True Efficiency,Fold1_MEP,Fold1_Efficiency,Fold1_Bias,Fold2_MEP,Fold2_Efficiency,Fold2_Bias,Fold3_MEP,Fold3_Efficiency,Fold3_Bias,Fold4_MEP,Fold4_Efficiency,Fold4_Bias,Fold5_MEP,Fold5_Efficiency,Fold5_Bias,Selected Fold,Selected MEP,Selected Efficiency,Selected Bias,Selected MEP Residual,Selected Efficiency Residual
0,2.0,0.3588189807192793,2.182740895754806,0.37685240201652054,0.014752021897173784,2.0529676973802538,0.38473899375855924,0.016417112764981145,2.076176737614011,0.3858461536282301,0.013360350637310503,2.076698237954403,0.35815587752342226,0.014423487575930483,2.1935864849958033,0.39397299834907057,0.0004227728356602234,5,2.1935864849958033,0.39397299834907057,0.0004227728356602234,0.19358648499580333,0.03515401762979126
1,8.0,0.4685879629099532,7.405264597482114,0.41079679211974146,0.022955449602140632,7.232106261482523,0.43756967154383664,0.01395991905025179,7.42764386318008,0.4321381617462635,0.0029249118219084047,7.818137655628564,0.43543354350626473,0.022502116938897476,7.493178988360219,0.4343265618658066,0.004575133143127241,3,7.42764386318008,0.4321381617462635,0.0029249118219084047,-0.5723561368199199,-0.03644980116368968
2,10.0,0.44505983222395,10.464062531965151,0.41144679405868056,0.05426659224431707,9.749502411657717,0.44249798935115336,0.008586803420037092,9.962997522410422,0.4306613035666943,0.012751692075903431,10.694590455580489,0.4323781855732203,0.043595072516317224,10.047786450269328,0.4332327437257767,0.013953866475559296,2,9.749502411657717,0.44249798935115336,0.008586803420037092,-0.25049758834228264,-0.002561842872796649
3,2.0,0.3837994628442676,2.0488930177938367,0.3765027672237158,0.016679233816682737,1.8905864452449046,0.376312622115016,0.013509608377554883,1.9404314376680771,0.38515083054661753,0.012782576607455298,1.9446588008248271,0.35186851104617123,0.021310972708633136,2.1025947870921238,0.3922184081333876,0.011268947519837758,5,2.1025947870921238,0.3922184081333876,0.011268947519837758,0.10259478709212377,0.008418945289120017
4,4.0,0.4327540503146883,4.273307976371756,0.433217594242692,0.029105248076004175,3.974646273432203,0.4455096302044392,0.01549855388955701,4.101805397633225,0.43884670931458475,0.004921523763261826,4.203784119310354,0.43616331574857237,0.018637843746580562,4.086967790275178,0.4423151007175446,0.00015212633972855327,5,4.086967790275178,0.4423151007175446,0.00015212633972855327,0.0869677902751782,0.00956105040285632
5,6.0,0.4444952333917279,6.114894287470428,0.4279829513412714,0.025023945268462466,5.874195211312187,0.449156734585166,0.01398143675395841,6.014921939133915,0.44321454717040065,0.0023861440108096654,6.373364821180895,0.4468433703261614,0.02531167976533566,5.930350913986312,0.4398695922279358,0.0005341373442229735,5,5.930350913986312,0.4398695922279358,0.0005341373442229735,-0.0696490860136878,-0.004625641163792105
6,2.0,0.3720046883605793,2.4223853430133313,0.4149956177592278,0.035573718468859816,2.1634925280044524,0.4161633246386051,0.01374865717501128,2.133940673523994,0.42596343613147736,0.02904548267995144,2.235732079761361,0.41056282808601857,0.005288564867350409,2.196088574365265,0.4211637743544579,0.012686166073123728,4,2.235732079761361,0.41056282808601857,0.005288564867350409,0.23573207976136112,0.038558139725439255
7,8.0,0.4630434558140336,7.812848838313158,0.43036317701637744,0.021847865037287584,7.59307044473894,0.45335395616173746,0.013863781801262853,7.805765736258973,0.4489727765762806,0.0028282924922182207,8.09655260710745,0.4470951827424765,0.021536755142665787,7.727632194227426,0.44924292114019393,0.001964254999569759,5,7.727632194227426,0.44924292114019393,0.001964254999569759,-0.272367805772574,-0.013800534673839682
8,2.0,0.32085,2.5494304601113393,0.38545534788727764,0.02353702719998918,2.4278255799622293,0.395562802926898,0.006078890428650008,2.3505760353569305,0.394213887860775,0.01712273335960174,2.381619714490236,0.37302027025163176,0.009051066395644458,2.4427617743938344,0.4000925492918492,0.008212497839852007,2,2.4278255799622293,0.395562802926898,0.006078890428650008,0.42782557996222925,0.07471280292689797
9,2.0,0.27045,3.1880468089633975,0.39814473314821724,0.032958886808219956,3.0350432098224847,0.40976375014126304,0.0006499585909853778,2.988278557873305,0.40725390090584757,0.003163942089883909,3.106051434309374,0.3951268797338009,0.024888915936728984,3.094974544626564,0.415621762444973,0.002896160852199181,2,3.0350432098224847,0.40976375014126304,0.0006499585909853778,1.0350432098224847,0.13931375014126302
10,2.0,0.39488,2.1249296886069877,0.39675319583892826,0.022792906998054807,1.9543573673830674,0.39578813557446,0.009919830645353733,1.9525624506758674,0.4000561905324459,0.014542273945438833,2.028213873540033,0.3819726217633486,0.018477911224147492,2.063268656236678,0.40512502934336664,0.0022467196942549394,5,2.063268656236678,0.40512502934336664,0.0022467196942549394,0.06326865623667821,0.01024502934336663
11,2.0,0.42987,1.9173404491352233,0.3999753763151169,0.012128190656518767,1.8570295540979405,0.410503655987382,0.011363011163102121,1.8899479043530818,0.4101141742348671,0.003898223840789361,1.932834418894543,0.3918831335228682,0.02355062981908146,1.9793543726714014,0.4113364192533493,0.014096110293864372,3,1.8899479043530818,0.4101141742348671,0.003898223840789361,-0.1100520956469182,-0.01975582576513285
12,2.0,0.40784,2.1044958744939257,0.40338642883419995,0.02576236578018737,1.9676887412082846,0.40945375861763955,0.008202674355524131,1.9716401869527527,0.4117568365049362,0.009699973434330489,2.025022685805128,0.395463020029068,0.017479602103198932,2.04969321620756,0.41254873435854916,0.005424702285172778,5,2.04969321620756,0.41254873435854916,0.005424702285172778,0.04969321620755984,0.0047087343585491825
13,2.0,0.43387,1.950653274078286,0.4062681915140152,0.016896767641704225,1.8981967353552638,0.4224368401598931,0.010651539993886738,1.9386593982176903,0.4221353272545338,0.0015722595041776088,1.9603252979628756,0.40176538322150707,0.023497776391702363,2.0148046412054406,0.4188675200998783,0.018214115592307123,3,1.9386593982176903,0.4221353272545338,0.0015722595041776088,-0.06134060178230971,-0.01173467274546619
14,8.0,0.46597,7.467646453032563,0.4119006420183182,0.02306174987368048,7.318396746307947,0.439953258112669,0.013684101744662558,7.493056639274058,0.43391189887166026,0.0025305410455812027,7.853517270093219,0.4360801081675291,0.021357811269277882,7.561000828072197,0.43602870177030567,0.004371232259796354,3,7.493056639274058,0.43391189887166026,0.0025305410455812027,-0.5069433607259421,-0.03205810112833973
15,8.0,0.45731,8.009506288051403,0.4300172086530924,0.027836188253303584,7.789906362359064,0.4542085143142939,0.008908272162095665,7.93507911441095,0.44745319430828095,0.006145666419741624,8.189301303613114,0.44492414724051954,0.023207006578880196,7.905518665159976,0.45149222472786904,0.0004168499363323974,5,7.905518665159976,0.45149222472786904,0.0004168499363323974,-0.09448133484002419,-0.005817775272130954
16,8.0,0.46048,8.040846865948543,0.43383587138175966,0.028995265133806403,7.820768160981021,0.4583467929440737,0.008183386437687123,7.919635828518934,0.4519480841314793,0.0039061452066412317,8.149196082089182,0.44746167292654515,0.021606044347610764,7.903320426206971,0.45624539414167403,0.0013302793421890446,5,7.903320426206971,0.45624539414167403,0.0013302793421890446,-0.09667957379302905,-0.004234605858325968
17,12.0,0.44631,11.924563796456052,0.40694485145092013,0.03655950410713066,11.669368881461436,0.43325425853788857,0.0007587597898632281,11.716662364584684,0.41823719975829127,0.01753478150619331,12.210153864591112,0.42534485345661643,0.028781311107115737,11.630088757906986,0.42432230154037476,0.008229790737534104,2,11.669368881461436,0.43325425853788857,0.0007587597898632281,-0.3306311185385642,-0.013055741462111414
18,12.0,0.44159,12.355081918470676,0.42283818688571456,0.031818508833998005,12.04105124912533,0.4457346063935757,0.002633977029502299,12.098274220067577,0.43435945788621905,0.010846929016294693,12.449813479091723,0.43711867525160314,0.021024062779811836,12.018725068774664,0.4416680777525902,0.0006109668212520014,5,12.018725068774664,0.4416680777525902,0.0006109668212520014,0.018725068774664066,7.80777525902221e-05
19,12.0,0.44654,12.321264024366148,0.42379392830848694,0.03470084074044488,11.933357763417543,0.44409920059859753,3.907000677111361e-05,12.02922080029821,0.4331692941260338,0.014458059834110304,12.443864886745574,0.43795569055736067,0.025101260908139245,12.015358952181034,0.44731162939071656,0.0002000979012627413,2,11.933357763417543,0.44409920059859753,3.907000677111361e-05,-0.0666422365824566,-0.0024407994014024603
20,12.0,0.44045,12.356718969466497,0.42212027961671356,0.03142279151029198,11.896216220997227,0.4400826270598173,0.003441925511602717,12.061201435811382,0.4301880286228657,0.012508317728978424,12.458119060858044,0.4360633036988974,0.02120157327122235,12.07915338354443,0.44886751949548725,0.0055122618640650045,2,11.896216220997227,0.4400826270598173,0.003441925511602717,-0.10378377900277336,-0.0003673729401826864
21,4.0,0.42285,3.75580167639575,0.4211889555960894,0.02415378896615522,3.885350652374796,0.42326328901946547,0.012533176890189124,4.021280739886811,0.41562713478267194,0.009472486068147434,3.8093951263068053,0.41589099040150646,0.013190326455928936,3.9402808418883692,0.4244087172472477,0.007871797723533969,5,3.9402808418883692,0.4244087172472477,0.007871797723533969,-0.059719158111630755,0.0015587172472477095
22,5.0,0.43363,4.944633367538168,0.4353700939065218,0.006541830874595811,4.901388021327688,0.4358455330622196,0.010767765834775789,4.9486663372088495,0.4277228894585371,0.0014551368925649344,4.862916311776424,0.4282361132073403,0.00649484338151296,4.9460049917974835,0.43457409678101544,0.005626878266461244,3,4.9486663372088495,0.4277228894585371,0.0014551368925649344,-0.05133366279115048,-0.005907110541462923
23,7.0,0.44152,6.837650785401163,0.4424038843268156,0.011123936972277093,6.688314625396656,0.44063793836414816,0.01877726281015002,6.9748885419683635,0.4380853905016184,0.0018507304840344463,6.876776203086336,0.4351863650494814,0.0014386098748194742,6.873782695073285,0.4467821867835522,0.013223244992140282,4,6.876776203086336,0.4351863650494814,0.0014386098748194742,-0.12322379691366425,-0.006333634950518641
24,9.0,0.42191,8.403686731476268,0.43071428856551647,0.036758797954685785,8.554714038973371,0.4201196567034722,0.01908417383188743,8.420296883859438,0.4160317914795876,0.021297635392481695,8.411917488181633,0.4168407993376255,0.022499460003541583,8.61422069099904,0.4378056979441643,0.03398060938611641,2,8.554714038973371,0.4201196567034722,0.01908417383188743,-0.4452859610266291,-0.0017903432965278299
25,6.399,0.43799,6.349011286138062,0.4434220823580027,0.008853627475765513,6.235409148488288,0.4447880055832863,0.017995234694172135,6.540102358030726,0.44285946365594864,0.004788531978640598,6.209800776950202,0.43690584411025046,0.011865880067716217,6.250938382085458,0.4366652855956555,0.008809590930588695,3,6.540102358030726,0.44285946365594864,0.004788531978640598,0.14110235803072602,0.004869463655948647
26,6.57685,0.45036,6.3849667502272505,0.4458633133465052,0.008642831570727538,6.24086076086875,0.4437858227199316,0.016433221633095185,6.468260188016472,0.43883825615763666,0.004085872704113258,6.275111932522203,0.4387654367935658,0.009067433708954686,6.3501356843513745,0.44424491571068764,0.009409545087207316,3,6.468260188016472,0.43883825615763666,0.004085872704113258,-0.10858981198352868,-0.011521743842363319
27,6.08228,0.43485,6.016019541886209,0.44028430614471437,0.010171558716126294,5.811943794043677,0.432646547845006,0.017124108838284247,6.20192392256018,0.44133881201267244,0.0020650897038921867,5.933831796045061,0.4339895558857918,0.009752786239951294,5.99642649855945,0.43566414664626124,0.006952195481230106,3,6.20192392256018,0.44133881201267244,0.0020650897038921867,0.1196439225601802,0.006488812012672429
28,6.10126,0.43768,6.011474425007756,0.4413412562990189,0.01010209916968946,5.820771128937758,0.4348922868484259,0.017333422247148733,6.162788393380283,0.4405187539434433,0.0015750627202279488,5.928506071773912,0.4350036291837692,0.009716290225391333,6.020387707606991,0.43945014250636105,0.007571582095307727,3,6.162788393380283,0.4405187539434433,0.0015750627202279488,0.06152839338028304,0.002838753943443295
29,6.03018,0.42621,6.121628037381899,0.43358194567620756,0.0009084647094479426,5.788955310788588,0.4239539781415463,0.014793632203387697,6.159789829619871,0.42734099517822266,0.008029741385692735,5.946318480879769,0.42787015771090986,0.0075874648801369515,5.96711833110184,0.43308807252764703,0.011335257117681963,1,6.121628037381899,0.43358194567620756,0.0009084647094479426,0.0914480373818991,0.007371945676207581
30,4.3,0.29818,4.385086758735419,0.31036898461401463,0.006288714500282067,4.413445204051073,0.31600601815521717,0.009959254745904644,4.190016813668848,0.2969261480867863,0.006372844450683868,4.35051024973922,0.3076854128187895,0.0060028225626354015,4.351231452100412,0.30303859532237054,0.0013059938758195888,5,4.351231452100412,0.30303859532237054,0.0013059938758195888,0.0512314521004118,0.00485859532237054
31,4.3,0.2975,4.3646961712623025,0.31153788817524913,0.009561816409619117,4.358616129484741,0.3131424348551035,0.01158701714192445,4.206909076754817,0.297005485547781,0.005946079021853623,4.374029333679952,0.30580455993652345,0.003182763562938007,4.37182148880696,0.305668596508503,0.0031995521927134507,4,4.374029333679952,0.30580455993652345,0.003182763562938007,0.07402933367995246,0.008304559936523459
32,8.7,0.35448,8.65229906340554,0.3548658426398039,0.0023293976682194906,8.660414043496313,0.35554958082258703,0.0026824923756382235,8.466197003009713,0.3428577258139849,0.0020960225479415007,8.682520804411466,0.3581861510282755,0.004418326390199623,8.971571531615826,0.3642070902937651,0.0013380567690593481,5,8.971571531615826,0.3642070902937651,0.0013380567690593481,0.2715715316158267,0.009727090293765062
33,8.7,0.35165,8.666390948027688,0.35498500159919266,0.004693449711331954,8.727310175866306,0.3568334422260523,0.0040795630571616726,8.53099651694868,0.3436631690877676,0.0011558019225325622,8.7622322451947,0.3598602580237389,0.005694844811030053,8.991333436904476,0.36379342029094697,0.0003678418647544701,5,8.991333436904476,0.36379342029094697,0.0003678418647544701,0.2913334369044769,0.012143420290946949
34,8.7,0.35222,8.611303524771158,0.36069869916319847,0.01206958736898156,8.795455077834717,0.3602842143982649,0.0041997165297567585,8.740134584624798,0.3486971513569355,0.005147693205158177,8.961240617456282,0.36663009097993376,0.0038337561333965375,9.166736524732803,0.36978006316363815,0.0013357851485522598,5,9.166736524732803,0.36978006316363815,0.0013357851485522598,0.4667365247328039,0.017560063163638173
35,13.0,0.37023,12.4823472133663,0.36992728049337864,0.014439630298129225,13.012520182783101,0.3688039781492949,0.001782590532471151,13.426511066671292,0.36362033426404,0.018756376447910672,13.101538748885071,0.3745995593059063,0.0014778103133847864,13.414516811629644,0.38329060133039955,0.0012554777789175464,5,13.414516811629644,0.38329060133039955,0.0012554777789175464,0.41451681162964427,0.013060601330399546
36,13.0,0.36807,12.545078926634199,0.36982166695415974,0.014631886574217656,13.11142576842623,0.3679198594087362,0.0033049424749690415,13.605592716280222,0.3625878778958321,0.022628310626871262,13.254005933230873,0.37521363532781604,4.804968111044028e-05,13.471340378530293,0.3834276595950127,0.002012567792366804,4,13.254005933230873,0.37521363532781604,4.804968111044028e-05,0.2540059332308733,0.007143635327816034
37,13.0,0.37334,12.466581370792587,0.37271631305992603,0.014695268439770315,12.91137894565649,0.37056549384295945,0.0002294530733283895,13.179205139860368,0.3671901635503769,0.011296339773681607,12.93079200437716,0.3733969195008278,0.002044459393415188,13.330295138624757,0.38237295003652577,0.0004526256908154447,2,12.91137894565649,0.37056549384295945,0.0002294530733283895,-0.08862105434351086,-0.002774506157040557
38,17.2,0.36865,16.556545492634612,0.3716730101710558,0.0168142567399317,17.502265504977633,0.3686041832017899,0.006524319424551672,17.64179604297351,0.3685368380206824,0.009582242126846663,17.326179891255435,0.37339954201638703,0.002045106958090459,17.606561528458144,0.38298335962891583,0.005619465755252628,4,17.326179891255435,0.37339954201638703,0.002045106958090459,0.12617989125543616,0.004749542016387054
39,17.2,0.37041,16.671408028101734,0.37342749854147433,0.014400967692983824,17.47417981723216,0.3683818804508448,0.007932714490894888,17.599501682841822,0.3686337947124243,0.010379664930692478,17.32578250951278,0.3753497515237332,0.0022309616686386202,17.534935744430985,0.38476768866181377,0.007144686551710744,4,17.32578250951278,0.3753497515237332,0.0022309616686386202,0.12578250951278136,0.00493975152373316
40,3.2,0.3465604756234782,3.2410730040204356,0.3418273318123818,0.00918135422234212,3.2117653421375616,0.34611117278635506,0.0017234891287342124,3.1395283182543343,0.3382514681941271,0.001759913342872066,3.202766870195277,0.3374415437287092,0.009418582343199866,3.1836862268636583,0.3429782342231274,0.0018154553519114103,2,3.2117653421375616,0.34611117278635506,0.0017234891287342124,0.011765342137561419,-0.00044930283712313335
41,3.2,0.3598160645682343,3.269799254956677,0.3540450207310915,0.013619432198051507,3.2293492314626553,0.35540129411756993,0.007714856423787109,3.1630729337192447,0.34244858792543414,0.013215288989319729,3.2085172772448347,0.34511578809440135,0.015657965114969752,3.163082286851865,0.35141575792312624,0.004249170681385972,5,3.163082286851865,0.35141575792312624,0.004249170681385972,-0.03691771314813508,-0.008400306645108047
42,12.9,0.3941058602141681,12.493595240097314,0.39473851827919487,0.013048679821941966,12.823082340277816,0.387722754470706,0.004033191910230938,12.870058322466729,0.3859034161281586,0.007287686003263294,12.907260533855391,0.3907472787499428,0.00358038221681084,13.10937717959514,0.39589960521638395,0.004602889205381322,4,12.907260533855391,0.3907472787499428,0.00358038221681084,0.007260533855390605,-0.0033585814642252965
43,3.2,0.3612247121579877,3.273772061233749,0.360602786385417,0.008949514563501959,3.264250066652127,0.3623310241389275,0.006146408144292348,3.138809390979455,0.35081576200902465,0.0035015853750794412,3.228404312280694,0.35210647250652316,0.01232459345691661,3.2509198303700666,0.35947810913026335,0.007494569798695172,3,3.138809390979455,0.35081576200902465,0.0035015853750794412,-0.06119060902054496,-0.010408950148963036
44,3.2,0.3426423317643525,3.3223588045322003,0.35706699887871746,0.0013230162322591665,3.276848483503536,0.3592509687292576,0.008380036769609633,3.127692308105118,0.34766100309789183,0.012761076979082908,3.2301958163584246,0.34638992327511314,0.000514359542593934,3.3562859027797476,0.3631484342312813,0.003771682892363959,4,3.2301958163584246,0.34638992327511314,0.000514359542593934,0.030195816358424388,0.0037475915107606506
45,6.4,0.3732739315705602,6.67843114487865,0.3937513321310282,0.0042381580569665345,6.505064006513007,0.3905401000207663,0.01113840016572426,6.555632097202632,0.38504643915057185,0.002695403278719144,6.8435897718273235,0.39028984074473383,0.008856053890926197,6.962374556097901,0.40043159217715263,0.005642312547885442,3,6.555632097202632,0.38504643915057185,0.002695403278719144,0.1556320972026315,0.011772507580011637
46,6.4,0.411310184558729,6.029373792968239,0.39309560139596467,0.005604522367907372,6.0337156688027385,0.4004880399149656,0.012717920606792,5.966836725973776,0.39080148589193825,0.00732949017186818,6.194845876253357,0.3957606882756949,0.002364821176289611,6.537166991112339,0.4085069031941891,0.011618631919746103,4,6.194845876253357,0.3957606882756949,0.002364821176289611,-0.20515412374664344,-0.015549496283034092
47,9.6,0.4344473472518625,9.199286437398937,0.42437363155364993,0.00806055138092504,9.166191515167178,0.42445941072762017,0.009644039002842664,9.220141395267255,0.41323338914871216,0.004023480719671679,9.478043157399494,0.42501989067912105,0.003908305841159421,9.744409251765223,0.43544181843400004,0.005540757515988648,4,9.478043157399494,0.42501989067912105,0.003908305841159421,-0.12195684260050577,-0.009427456572741466
48,12.9,0.3727235608787467,12.721530576465408,0.38658249489009383,0.019015503493611863,13.072475279599782,0.37894015355348587,0.0012332117868595338,13.201881177928483,0.38216001704990865,0.0007141119225657633,13.118521004274083,0.3888840196371079,0.009846664962736451,13.511460767296311,0.39601130401015283,0.005620623128216151,3,13.201881177928483,0.38216001704990865,0.0007141119225657633,0.30188117792848246,0.009436456171161955
49,4.8,0.34842,4.144873792686035,0.33305326043605804,0.03218724238899834,4.413181799613512,0.34382971155643466,0.023487886598955066,4.312906359222646,0.3297056320554018,0.016642550424571023,4.742529361166824,0.3486153696095944,0.004367029193693528,4.701414254107329,0.34560110624074936,0.004337208575408702,5,4.701414254107329,0.34560110624074936,0.004337208575408702,-0.0985857458926711,-0.0028188937592506513
50,8.1,0.37203,8.006958696955683,0.3741613191330433,0.0064046815148119385,8.035347223968142,0.3779233304333687,0.008862818318444154,8.095356922856332,0.3692600667047501,0.0025566685809014222,8.3558133541306,0.37610325371265413,0.007676148677535688,8.433557603615272,0.38292902518033983,0.0044211416994315855,3,8.095356922856332,0.3692600667047501,0.0025566685809014222,-0.004643077143667185,-0.002769933295249938
51,12.9,0.3630084715132719,12.632102494827116,0.37221897717237473,0.01674918542512771,12.996414593986662,0.364132819634676,0.0015887845936903289,12.910771244823575,0.3644146254813671,0.0011030415567471752,12.9545883960607,0.3696174162763357,0.005072809295451286,13.272948807446877,0.3739167886531353,0.0004134585157253845,5,13.272948807446877,0.3739167886531353,0.0004134585157253845,0.37294880744687653,0.0109083171398634
52,9.6,0.3869926757853254,9.58177799292282,0.3898652478373051,0.003607147224689411,9.581925620745793,0.3902320690184832,0.003968017272106994,9.600688510355708,0.38017729344189166,0.006843122948716807,9.728791037014481,0.3882798226058483,0.003904628963559087,9.967278729276577,0.39434065975368027,0.007457644599697111,1,9.58177799292282,0.3898652478373051,0.003607147224689411,-0.01822200707717947,0.0028725720519796605
53,12.9,0.3816181698202974,12.542684524683548,0.3837745700269938,0.012726808929506284,12.89158367243525,0.37863431222438815,0.0027348635086441586,12.809487435621355,0.37518705371379857,0.0037534852465893054,12.913334508736117,0.3817063727807999,0.00030625365017128425,13.085295643760384,0.3857273256659508,0.0013723930873194568,4,12.913334508736117,0.3817063727807999,0.00030625365017128425,0.013334508736116746,8.820296050249254e-05
54,6.4,0.3693332739876317,6.54055838644278,0.37960963339924814,0.0021649608264674436,6.521610962054151,0.38188640974700455,0.005535161308971637,6.413623737424633,0.3752753280967474,0.005155841571706066,6.557016866405088,0.38311504555583004,0.004720581663504531,6.76574187952173,0.38688011221408847,0.0035595226833394777,1,6.54055838644278,0.37960963339924814,0.0021649608264674436,0.14055838644277951,0.01027635941161642
55,12.9,0.3859860112918316,12.563340286105802,0.38794485353112224,0.012032183331862956,12.871585158170058,0.3837723803538084,0.001363406492307262,12.774369203295315,0.3783957651537657,0.0038311846831866614,12.950895678187482,0.38458477456688883,0.002924093695131247,13.092624455136363,0.390988117339015,0.0007614736745690798,5,13.092624455136363,0.390988117339015,0.0007614736745690798,0.19262445513636273,0.00500210604718343
56,7.0,0.35312,6.9242623101840755,0.3725032018440962,0.023203825252785137,7.078159765458593,0.36129240613222124,0.004229562072712967,6.876542121983475,0.35481851005315784,0.00792641256864407,6.793641515764282,0.359059703322649,0.016349586354502454,7.034948798330174,0.3782764279651642,0.023393392122578127,2,7.078159765458593,0.36129240613222124,0.004229562072712967,0.07815976545859282,0.008172406132221255
57,5.5,0.36813,5.434462484155552,0.3775462738031149,0.013802867754847903,5.383834230072319,0.37098952660143375,0.010634807775905752,5.453595454472367,0.36707609685420994,0.002052068884060232,5.355563501973395,0.365943628436327,0.007481146600224975,5.335061435270946,0.3735550342738629,0.01646481171733455,3,5.453595454472367,0.36707609685420994,0.002052068884060232,-0.046404545527632735,-0.0010539031457900694
58,2.0,0.27763,1.9224936460276427,0.2814336756128073,0.014562720465814694,1.9193849933684228,0.28259270018339155,0.01615327265476091,1.9151404406706418,0.27810766388952735,0.012257443942918667,2.0358303569409104,0.30108688359737396,0.018483092944194535,2.0704638694886164,0.2954391817647219,0.008027740073111578,5,2.0704638694886164,0.2954391817647219,0.008027740073111578,0.07046386948861638,0.017809181764721904
59,5.6,0.36663,5.418006026492188,0.37152309394180777,0.016808168678322577,5.357914424496733,0.3638213258934021,0.013040576414616256,5.464995659198978,0.36065444739580155,0.002863127611481997,5.494173893949384,0.3659483642411232,0.006246755817735594,5.508438179556577,0.37316835326611997,0.012532867143380977,3,5.464995659198978,0.36065444739580155,0.002863127611481997,-0.13500434080102153,-0.005975552604198464
60,1.6,0.26643,1.3922261341351705,0.25498606450200084,0.02315430693155282,1.5073173157767423,0.2551513593661785,0.004154761927673001,1.5484520138572648,0.2508230629342795,0.0070232330692232,1.5240751591797241,0.2594115213161707,0.005624428717468433,1.5957701437489016,0.26549033415317536,0.00023531776009066974,5,1.5957701437489016,0.26549033415317536,0.00023531776009066974,-0.004229856251098507,-0.0009396658468246444
61,4.1,0.36314,3.82999224105966,0.355027012770772,0.015801802121030384,3.9120672437346355,0.3544525036340952,0.00795785004057531,3.9746841915374187,0.35726483330488207,0.00522415090197581,3.9041474154920373,0.3535164183473587,0.007723229726823155,3.8184712039710975,0.35417352399349217,0.015968740014951854,3,3.9746841915374187,0.35726483330488207,0.00522415090197581,-0.12531580846258095,-0.00587516669511795
62,5.6,0.36706,5.578175136369287,0.3766905698913336,0.011061114228538171,5.611903038170771,0.3755373759621382,0.00769717680799531,5.717113646349071,0.3696320565330982,0.005104322188332511,5.63424337461405,0.3723425409394503,0.0030380125282671866,5.564862847990362,0.3758793468987942,0.011122464189450565,4,5.63424337461405,0.3723425409394503,0.0030380125282671866,0.034243374614050026,0.005282540939450298
63,2.0,0.2672,1.8769902766516018,0.2807217008304596,0.029955792009520976,1.9687697863879678,0.285967546710968,0.02293989500490523,2.0214860641317136,0.28573617973148824,0.015665633098100706,2.209506654257741,0.30886765810966493,0.013677559848065068,2.050347809097257,0.3014731826853752,0.02754670680372656,4,2.209506654257741,0.30886765810966493,0.013677559848065068,0.20950665425774107,0.04166765810966494
64,4.323790845939762,0.2399215576659149,5.051268179748348,0.2848614816778898,0.004573141544259585,5.030066903185731,0.2921288542121649,0.013016945502285826,4.724183317926906,0.26983627527713777,0.0076974512136159245,4.695300086035075,0.27252908953011035,0.01199295865898592,5.4309634014063,0.29172165138363837,0.009635485663578025,1,5.051268179748348,0.2848614816778898,0.004573141544259585,0.7274773338085865,0.04493992401197494
65,4.323790845939762,0.3326267063940606,4.317079878669991,0.3431572527366877,0.011046807842136908,4.333122523411773,0.3417976948404312,0.00845309861391108,4.23180837972538,0.3292753358131647,0.003724777751202335,4.359976883887228,0.3338739295768738,0.0015365569865213313,4.317342777532815,0.33071148134827616,0.001419188202928856,5,4.317342777532815,0.33071148134827616,0.001419188202928856,-0.006448068406946561,-0.0019152250457844522
66,4.3,0.307075,4.301762733674657,0.3082259056371451,0.0010250185798102995,4.311915179952322,0.30998635195553303,0.0020604503645313965,4.126921592165618,0.30129869628608225,0.006583703289160303,4.25945927319772,0.3001908234995604,0.00398905533656807,4.348056695544433,0.3004457676577568,0.010061100466470851,1,4.301762733674657,0.3082259056371451,0.0010250185798102995,0.0017627336746572908,0.0011509056371450943
67,4.3,0.28162,4.430352128804393,0.29611309187948703,0.005955925259565509,4.332344949467495,0.29446034692823886,0.010721967040847158,4.126980238835017,0.2820170452874899,0.011728621707955078,4.367916935119275,0.2870692323976755,0.0010011355334640926,4.408180401535637,0.28293212498843673,0.005772948123714816,4,4.367916935119275,0.2870692323976755,0.0010011355334640926,0.06791693511927477,0.00544923239767553
68,4.3,0.32826,4.450189870303473,0.3476302203667164,0.007904798277147296,4.399419044144631,0.3443128400295973,0.008463239163240932,4.222426176558318,0.32881008118391036,0.006472033397311228,4.387853010904546,0.3365810785508156,0.001614423275300203,4.380364943486663,0.33178235884249213,0.002612660853797466,4,4.387853010904546,0.3365810785508156,0.001614423275300203,0.08785301090454656,0.008321078550815597
69,4.3,0.33162,4.4964079959628185,0.3564919041317702,0.009724733804291008,4.402495466414418,0.35420112406015397,0.014676575434049377,4.23414034319611,0.33300529131650924,0.006464446513759825,4.42484465041558,0.3459507664948702,0.0047026279938767734,4.388847729198023,0.3408787959420681,0.0024067735146874325,5,4.388847729198023,0.3408787959420681,0.0024067735146874325,0.0888477291980232,0.009258795942068077
70,4.3,0.3247,4.442403513791231,0.3467947072786093,0.011341584330342158,4.390086134514349,0.34793690191924576,0.016434349469227172,4.205716425952117,0.3258759700381756,0.008295474493222044,4.39654409340722,0.334769429525733,0.0027792260841374983,4.348606508070053,0.3342087968063355,0.0058384384909266895,4,4.39654409340722,0.334769429525733,0.0027792260841374983,0.09654409340722037,0.010069429525733031
71,4.3,0.340475,4.392101102625481,0.358395901350379,0.010628310369982685,4.377430082143013,0.35606155696690084,0.009455620814386778,4.223449965399126,0.33893731966614726,0.0045235651159399315,4.371727957480763,0.34740392018914223,0.0012494795989855256,4.313776958918385,0.34290734991908073,0.0013414829282201723,4,4.371727957480763,0.34740392018914223,0.0012494795989855256,0.07172795748076322,0.006928920189142207
72,4.3,0.34214,4.452150489130463,0.36717852772891524,0.01293229561644793,4.419132919833342,0.36622510328590874,0.014605994750142848,4.229365189812685,0.3448643575978279,0.008344582182197191,4.401576331544003,0.3546588676011563,0.004436691910637225,4.360548688913872,0.3522046004188061,0.005246889361651019,4,4.401576331544003,0.3546588676011563,0.004436691910637225,0.10157633154400347,0.01251886760115628
73,4.3,0.32388,4.297048249259577,0.33727736916244033,0.013619689087579268,4.398047925460053,0.3442023379176855,0.012937268074047492,4.252197703261657,0.3205361973625422,0.0002567022243475936,4.307529066328405,0.3228093072807789,0.0016377977064904181,4.24129725916178,0.3257641948604584,0.006305731333849596,3,4.252197703261657,0.3205361973625422,0.0002567022243475936,-0.04780229673834313,-0.0033438026374578156
74,11.2,0.38744,11.035754309868304,0.4030472586423159,0.021288982725175654,11.669567066758027,0.4017677765852213,0.001915893693783588,11.424892150874296,0.3930220181924105,0.0021976475949014307,11.25757623652625,0.3917588823002577,0.002327152090479623,11.449432748569523,0.3994238587468863,0.0033552635612704718,2,11.669567066758027,0.4017677765852213,0.001915893693783588,0.46956706675802806,0.014327776585221275
75,8.6,0.32657,9.298893760775913,0.3585784080642462,0.005469133429712558,9.419674554105015,0.35744268059790135,0.00025303403900345245,9.253162503587529,0.34590058224081993,0.005472127650708369,9.43652333776367,0.3561523774814606,0.00218314033303052,10.216814240674152,0.36753103965044026,0.020434664487166243,2,9.419674554105015,0.35744268059790135,0.00025303403900345245,0.8196745541050152,0.030872680597901325
76,8.6,0.39269,8.655301166189105,0.4022966845047474,0.007081527644094809,8.548973743418538,0.3918146425825358,0.0014545691282253914,8.43040332283611,0.38319524870157246,0.001750706113796352,8.631563926749703,0.39216633974194526,0.00196493608113818,8.839131679295178,0.39613672645330433,0.007472431225806153,2,8.548973743418538,0.3918146425825358,0.0014545691282253914,-0.05102625658146209,-0.0008753574174641954
77,11.2,0.39841,11.158143842007998,0.40910501497089863,0.012183938070010558,11.21710599004278,0.40159092228353027,0.0025724249132764165,10.93703983147546,0.3902040615707636,0.0011481675542617809,11.18455001047981,0.4007561221122742,0.0028957165044735667,11.637416558133491,0.4049705809998512,0.008999338908200427,3,10.93703983147546,0.3902040615707636,0.0011481675542617809,-0.26296016852453974,-0.008205938429236392
78,11.2,0.38903,11.068928101758912,0.40178101646959785,0.017303761239910898,11.406332502308333,0.39582357772648336,0.0003733595386343769,11.221920072680891,0.38633361052513127,0.003457793690934574,11.146790655731856,0.3882095493733883,0.001027752135524973,11.592358726493728,0.3970487762576342,0.0056097489244001375,2,11.406332502308333,0.39582357772648336,0.0003733595386343769,0.20633250230833333,0.0067935777264833686
79,0.8,0.18405,0.6305103314185267,0.18483866186618805,0.039781877996724474,0.7353644778093826,0.17840748987555505,0.009227698827737468,0.769308165227962,0.16875366637438535,0.008235294300410395,0.7479243445871561,0.18525095695793628,0.013181611544667099,0.7818821564999281,0.18908517655074597,0.009203411994036681,3,0.769308165227962,0.16875366637438535,0.008235294300410395,-0.030691834772038074,-0.015296333625614639
80,5.0,0.37047,4.8659376263999645,0.3693467370247841,0.008809943015420596,4.784514815134689,0.3643607747977972,0.009856922759071074,4.789980583607766,0.36209481950938704,0.007185986808477929,4.817068266823978,0.3610606572329998,0.004144789667745341,4.679702599848517,0.36690688094735147,0.02016898543615553,4,4.817068266823978,0.3610606572329998,0.004144789667745341,-0.18293173317602207,-0.009409342767000228
81,5.0,0.37607,5.047050169724217,0.38715881178021433,0.00754997115882422,4.936960765341572,0.3803718688195944,0.00904329285915162,4.87938439765872,0.3720354520058632,0.005037425068766532,4.958765192564477,0.38337307053327563,0.010404496344134317,5.017242494427241,0.38925331056594853,0.011886424488418756,3,4.87938439765872,0.3720354520058632,0.005037425068766532,-0.12061560234127988,-0.004034547994136828
82,6.6,0.37786,6.758628948558109,0.40119364936828616,0.014251883769546225,6.6269434137438745,0.39362224325835704,0.014219674400948068,6.67162155875675,0.3873372446835041,0.005376784211310326,6.714427054946735,0.3963275335562229,0.011916393456674224,6.642209242903483,0.399089780818224,0.018813220070846293,3,6.67162155875675,0.3873372446835041,0.005376784211310326,0.07162155875675058,0.009477244683504138
83,7.22694,0.3673,6.999823993532565,0.37208996468365196,0.016332852455616054,7.062676033587682,0.3748499968111515,0.015898509940509065,7.162688827903091,0.37379783338427547,0.009763324008441376,6.998825989003303,0.3642404955404997,0.00853410561771728,7.021224466541245,0.3795188892686367,0.02267412533894142,4,6.998825989003303,0.3642404955404997,0.00853410561771728,-0.2281140109966966,-0.0030595044595003174
84,1.25237,0.24436,1.061186413939792,0.20679102669537067,0.0002656069829733987,1.187986453684426,0.22535823316395281,0.0064393781926955496,1.1193348394366565,0.20670072813779114,0.011701713476763353,1.1266523385779128,0.21373132316291332,0.006098894683253087,1.049194939559193,0.22891581555724144,0.02419893508857973,1,1.061186413939792,0.20679102669537067,0.0002656069829733987,-0.19118358606020802,-0.03756897330462933
85,3.6438,0.33529,3.7073190814929564,0.33684559616386894,0.004289209722231679,3.6213180382040076,0.34287977531373504,0.009658490914045803,3.6029972737009004,0.3392615949881077,0.007726124597159156,3.6456821903163004,0.3391979926204682,0.0037348023802762365,3.662136372893351,0.348162056337595,0.011184808565247895,4,3.6456821903163004,0.3391979926204682,0.0037348023802762365,0.001882190316300214,0.003907992620468204
86,5.25187,0.35317,5.135610179540452,0.3556133104968071,0.010261376077485618,5.337842096320055,0.35977740690112114,0.0008260789882278963,5.344799815839662,0.35907095722436905,0.00034825314284597786,5.36257076781715,0.36063362003922467,1.9374919109582667e-05,5.339626775138846,0.3651629844844341,0.006091643124094603,4,5.36257076781715,0.36063362003922467,1.9374919109582667e-05,0.11070076781714988,0.007463620039224683
87,1.45388,0.25862,1.1070449495680146,0.2300731214889884,0.03314905391567041,1.3887805159142723,0.2530816599023342,0.006041728716949829,1.4051726391924542,0.23927493024528027,0.010680874946270208,1.4045714476342686,0.24743467098653316,0.002414192669287607,1.3796225351427156,0.26302710458755496,0.017616219110745374,4,1.4045714476342686,0.24743467098653316,0.002414192669287607,-0.049308552365731506,-0.01118532901346686
88,6.00315,0.35714,5.629001070174375,0.36381615724623206,0.028935049258803136,5.768130181829706,0.3606738743799925,0.017515683037345686,5.905679878009144,0.3575802990114689,0.006238987060803225,5.776263362610982,0.35555179595708847,0.011909744590692994,5.903627244580165,0.36592010218024257,0.014700905707690837,3,5.905679878009144,0.3575802990114689,0.006238987060803225,-0.09747012199085603,0.00044029901146891426
89,5.1,0.45553,5.06175379977717,0.4495808691889048,0.0025330106511205486,4.888980206151827,0.4383889148509503,0.0017071051663908876,4.885881538593647,0.4440251081687212,0.007620070264749923,5.22640836871385,0.45425994617283344,0.012560815696623373,5.3451971975823165,0.4586870325112343,0.01874390133137127,2,4.888980206151827,0.4383889148509503,0.0017071051663908876,-0.21101979384817238,-0.017141085149049717
90,5.1,0.45831,5.092936638356615,0.4571043825632334,0.0005708708209851143,4.965949409565902,0.44886759587943553,0.002604012468810646,4.909752755338144,0.44804988025128845,0.006836392647732836,5.214738187078107,0.452647175487876,0.01597373825540943,5.378862408116512,0.46258294487297535,0.020786943731791407,1,5.092936638356615,0.4571043825632334,0.0005708708209851143,-0.007063361643385058,-0.001205617436766615
91,5.1,0.43737,5.174400906750259,0.44097962922632694,0.0027709152238215573,4.980191449884702,0.42580649257898334,0.0012888769485897567,4.932933862567726,0.4294938003778458,0.006451186034733103,5.267908976509698,0.43825661785244946,0.013513068835422026,5.353197917782707,0.4432746867990494,0.01580927932088183,2,4.980191449884702,0.42580649257898334,0.0012888769485897567,-0.11980855011529723,-0.011563507421016639
92,3.2,0.4259,3.1552438561417944,0.4266532850301266,0.006710033937812165,3.2411321562645705,0.42330652233421806,0.008067925086755079,3.164800735380214,0.42116222121417524,5.2990817027143144e-05,3.2951866903350426,0.4320372330892086,0.006531535217501605,3.2992391246330666,0.43586274491190913,0.003245377090280943,3,3.164800735380214,0.42116222121417524,5.2990817027143144e-05,-0.035199264619786064,-0.004737778785824764
93,3.2,0.43539,3.1988367849834134,0.4382872478157282,0.003055502807713828,3.249133887614434,0.4360543922382593,0.006020745295972962,3.127724664888235,0.43511153424143795,0.009555260100063745,3.30687355593708,0.44393594263970854,0.005995218283469328,3.3100422455962235,0.4501232970672846,0.0002389938016947868,5,3.3100422455962235,0.4501232970672846,0.0002389938016947868,0.11004224559622333,0.014733297067284601
94,3.2,0.43834,3.1450160792284354,0.42890885210156443,0.0018993871355995617,3.2295292160687428,0.43011273951113227,0.012272214997870456,3.1290313227939475,0.42587126616716386,0.0027473611250379837,3.280649899945036,0.435948676853776,0.013438852921789035,3.2452129027478227,0.43647921429753306,0.008054111244478634,1,3.1450160792284354,0.42890885210156443,0.0018993871355995617,-0.054983920771564776,-0.009431147898435577
95,3.2,0.41333,3.154767857527661,0.41933789245367054,0.011850339603371784,3.2305069976085568,0.4137436593848467,0.0035267866101592604,3.1193867263387967,0.4138243972182274,0.010906870187997908,3.2905649788840554,0.4210987970757485,0.00392907543185711,3.2941530427868777,0.42495926728546624,0.0005320597282269524,5,3.2941530427868777,0.42495926728546624,0.0005320597282269524,0.09415304278687753,0.01162926728546626
96,5.1,0.45839,5.0521863034692895,0.4591143497794867,0.005021858576840177,4.912524316042002,0.4516661000555754,0.010126483190444957,4.881790427828304,0.44933417449712754,0.0105569315875495,5.166175711366995,0.45316679002702237,0.011171113971949365,5.384792294197421,0.463554676002264,0.020432572409741112,1,5.0521863034692895,0.4591143497794867,0.005021858576840177,-0.047813696530710104,0.0007243497794866549
97,6.5,0.43474,7.339446856024439,0.44608235704898835,0.04480243864290523,6.998212221273554,0.43018387842834,0.037878094611027535,7.174558711559634,0.43347605206251144,0.04638051702110829,7.265809390121933,0.44393451680600643,0.04202517851880033,7.7432347361613445,0.4492646651041508,0.06862670682327593,2,6.998212221273554,0.43018387842834,0.037878094611027535,0.4982122212735538,-0.004556121571660021
98,8.5,0.42387,8.641430723301413,0.43538371571064,0.004460991742058551,8.370941161387226,0.4220821640264988,0.0046479586328366795,8.43424316295756,0.4166612970590592,0.003929592895620948,8.58372138946294,0.4233575213503838,0.0046874079413242176,8.83759675439607,0.431175825842619,0.009529120905516275,3,8.43424316295756,0.4166612970590592,0.003929592895620948,-0.06575683704243929,-0.0072087029409408365
99,8.5,0.43397,8.68340556019982,0.4451357817000151,0.0018019554611403699,8.433272965038789,0.4294587401455641,0.0011044928380479213,8.454417111656214,0.4259623158335686,0.005680437777920544,8.673281931682117,0.430282031801939,0.012534929603771117,8.934784397085584,0.4416522917366028,0.01451575499553659,2,8.433272965038789,0.4294587401455641,0.0011044928380479213,-0.06672703496121102,-0.004511259854435901
100,8.5,0.40432,8.779204894663724,0.4268051108580828,0.009204148011619007,8.389370877245984,0.4032060354095698,0.004148330520658106,8.59968187831009,0.4053103622633219,0.0037512185568780443,8.797573435979402,0.4071285803079605,0.011346120038829122,9.046336934754798,0.4225135805666447,0.007794067963505513,3,8.59968187831009,0.4053103622633219,0.0037512185568780443,0.0996818783100899,0.0009903622633218867
101,8.5,0.44515,8.68382872625402,0.45929380113542084,0.004516576657876692,8.470952438978426,0.4439246378153563,0.00029586986961677164,8.533713475581026,0.44650231599688534,0.0004132843969851807,8.697452448670445,0.4500594655478001,0.005431241295979883,8.863588351584196,0.4505953753292561,0.013595966590934316,2,8.470952438978426,0.4439246378153563,0.00029586986961677164,-0.029047561021574353,-0.0012253621846436968
102,8.5,0.43273,8.493321593181669,0.4402565278488398,0.007866517841229104,8.234466822671688,0.4200035785633326,0.0007917127697808501,8.364312571020886,0.429533672798872,0.0037114362790748867,8.68188276909438,0.43489546951293945,0.007094079125752439,8.67828358254736,0.434381456463337,0.007424859703816955,2,8.234466822671688,0.4200035785633326,0.0007917127697808501,-0.2655331773283116,-0.012726421436667412
103,8.5,0.4829,8.311844530472614,0.4722218862348795,1.1341619487403864e-05,8.019286125748488,0.45358649436175824,0.002003291393177342,8.175820153272298,0.46322477372944354,0.0012579861561878292,8.339529803027016,0.4631487717008591,0.010634622067667465,8.661979302879594,0.473490343542099,0.018611974910127005,1,8.311844530472614,0.4722218862348795,1.1341619487403864e-05,-0.18815546952738593,-0.010678113765120512
104,8.5,0.46448,8.537541181908809,0.4711885132592917,0.004657088586595637,8.350181251569312,0.4562876344650984,5.561967705292048e-06,8.4947255742241,0.4582940370970965,0.0058977412973828525,8.589681104453286,0.4627975073838234,0.0065830880077844545,8.836399047846008,0.4666878437173367,0.016174581064122562,2,8.350181251569312,0.4562876344650984,5.561967705292048e-06,-0.14981874843068788,-0.008192365534901602
105,0.4854368932038835,0.05564,0.9758568686957815,0.12786589898437262,0.016014748432450404,1.0724269834434472,0.12334417293399572,0.00042431057611615197,1.0254705922755627,0.11586273438453674,0.0016750616618012443,1.0755381639763482,0.12767033061534167,0.0043938697302162155,1.018844529782904,0.12068734188601374,0.003909014504812389,2,1.0724269834434472,0.12334417293399572,0.00042431057611615197,0.5869900902395637,0.06770417293399572
106,1.359223300970874,0.17093,0.7489980905315854,0.10570340509600937,0.011512671716119999,0.8571781603245437,0.1060487528397143,0.0017462343289324639,0.8408916389693859,0.0981551210437715,0.007591744227046657,0.8696901238960622,0.10961667889267207,0.00024824175169313456,0.6703224143907247,0.09197263609290124,0.007675812628866088,4,0.8696901238960622,0.10961667889267207,0.00024824175169313456,-0.4895331770748119,-0.06131332110732793
107,1.359223300970874,0.15239,1.0340920950551675,0.13180170922845602,0.015863958087522625,1.2519843788791434,0.13537707635104657,0.004989776896277137,1.053326369909749,0.1236966084715724,0.005602397009425719,1.250825222402717,0.1510395603980124,0.010802666557341106,1.0290681357046898,0.11719203787192703,0.001817550440002827,5,1.0290681357046898,0.11719203787192703,0.001817550440002827,-0.33015516526618427,-0.03519796212807297
108,2.912621359223301,0.26655,2.657642286317415,0.24067052863448857,0.0025449352118585566,2.709305957460389,0.24974999576687812,0.001806505200857289,2.9010039718238634,0.24911716748565435,0.016369662799889467,2.804147733373928,0.2536493963289261,0.002973586823279417,2.7707792952098833,0.24639760612010955,0.007171647714317081,2,2.709305957460389,0.24974999576687812,0.001806505200857289,-0.20331540176291218,-0.01680000423312189
109,4.368932038834951,0.26427,4.4542986761845835,0.2807362901645899,0.011302599520018497,4.540024434029671,0.27750782074332236,0.0028887105751349007,4.585749877108588,0.2750124589967728,0.002372513045693747,4.573386805296882,0.2685256794917584,0.0081114693111618,4.5920576803048085,0.28184994266986846,0.0040834212930242475,3,4.585749877108588,0.2750124589967728,0.002372513045693747,0.216817838273637,0.010742458996772786
110,5.242718446601941,0.28925,5.105142729212732,0.29050462593495846,0.00884491389808928,5.070927453365549,0.28151907286703587,0.0017470778350673344,5.214408552350104,0.29408400321483613,0.006395903351660348,5.056640416895227,0.28640061823666096,0.007416864159262515,5.122714484744156,0.2941801196831465,0.011550942958318156,2,5.070927453365549,0.28151907286703587,0.0017470778350673344,-0.17179099323639235,-0.007730927132964138
111,4.896140617158525,0.23994,5.162326770900291,0.27156957983255386,0.01858487233053574,5.088127611465865,0.2506817398992181,0.0013332324053487166,5.107157444536495,0.2576468611499667,0.007365778682284552,5.148151466446669,0.2681793801313639,0.015889346835396945,5.43915067868435,0.2855070024251938,0.018956277418223644,2,5.088127611465865,0.2506817398992181,0.0013332324053487166,0.19198699430733956,0.010741739899218117
112,4.896140617158525,0.23751,4.974607882498092,0.25562888634979725,0.014312471531673615,4.784675587900802,0.23575299369454383,0.0036501252448992993,4.73387543840726,0.23180177935421467,0.0021632076366072395,5.0062861843190145,0.2371725893741846,0.0056805283165105025,4.927140987240327,0.24521777965426445,0.006203966620384138,3,4.73387543840726,0.23180177935421467,0.0021632076366072395,-0.162265178751265,-0.005708220645785328
113,4.896140617158525,0.27896,4.722736615819265,0.2807029613018036,0.011622745939061985,4.528925299058468,0.2598523076206446,0.0018145862811875801,4.601737919778861,0.25214994123131035,0.01003631458261689,4.666095308611018,0.2613291658002138,0.0045238835395548516,4.79034864201572,0.274607293073535,0.0016748496383841571,5,4.79034864201572,0.274607293073535,0.0016748496383841571,-0.1057919751428047,-0.004352706926465
114,4.896140617158525,0.22748,4.878202869500217,0.2472551687079668,0.020608579156402324,4.874872143138121,0.23680472427904606,0.010312883882220125,4.828103952165787,0.23348054577052593,0.009161606187163274,4.884924991192754,0.2368578365844488,0.00989892997741909,5.430085723664254,0.2737991254389286,0.02151146066470172,3,4.828103952165787,0.23348054577052593,0.009161606187163274,-0.06803666499273842,0.006000545770525945
115,6.0,0.48345,5.876873746264582,0.46508703985095023,0.008442059988020945,5.936928441304295,0.47692448947489263,0.0014435173937445422,5.975543228505905,0.48811094416856765,0.006631550836051769,6.015675245490855,0.4638347759407759,0.02087825464482629,5.935046692136153,0.48418506383776666,0.005968678907626923,2,5.936928441304295,0.47692448947489263,0.0014435173937445422,-0.06307155869570469,-0.006525510525107359
116,8.0,0.30958,8.156868684285778,0.33160626838028434,0.01595583532051642,7.839807094396902,0.3071368742245436,0.0037559323174096715,8.029683270198475,0.30470458015799523,0.00602409522864944,8.2842568338423,0.30884927503943443,0.011730761049454641,8.036817435301016,0.3119765357291699,0.0009717859822164776,5,8.036817435301016,0.3119765357291699,0.0009717859822164776,0.03681743530101578,0.0023965357291698686
117,3.5,0.2745131029530564,2.918641452070994,0.2446654855158925,0.015749687005469082,3.2521433212316744,0.2590443691378832,0.003971247798557842,3.532950399574898,0.2645053758701682,0.01259209399634803,3.4475378452788874,0.27310960753738883,0.0027112418227759894,3.6551306237738057,0.2878139249712229,0.0011335775762492672,5,3.6551306237738057,0.2878139249712229,0.0011335775762492672,0.1551306237738057,0.013300822018166458
118,5.719898412698412,0.30494,5.150482671555295,0.3144735015386343,0.039890287203956265,5.5827809222160845,0.3083358985227347,0.010705942593670581,5.374367848711679,0.2924937403333187,0.005974729781909549,5.570610727166239,0.3071587964177132,0.010177659539011508,5.573672993343412,0.3205995705783367,0.02345517775961986,3,5.374367848711679,0.2924937403333187,0.005974729781909549,-0.345530563986733,-0.01244625966668128
119,0.78058,0.10176,1.0930264364794573,0.12842943429380654,0.014062521891317875,1.5905691700439113,0.17945018169283866,0.027903734848562706,1.450735666387367,0.17899590089082718,0.010128676623406718,1.2066270574050226,0.14821178843900562,0.009089667461117501,1.4160072321829396,0.16687397198200227,0.017723247034870854,4,1.2066270574050226,0.14821178843900562,0.009089667461117501,0.4260470574050226,0.04645178843900562
120,1.54376,0.16508,1.735189960877549,0.16943590233951808,0.01611441689247281,2.240305003250305,0.21346436126351356,0.02609978900386767,1.9247952750142006,0.20327779791474343,0.0025477230872860135,2.037014160185727,0.18926859987199307,0.028556904092653518,1.941321628384844,0.19503619904220104,0.01255654642101231,3,1.9247952750142006,0.20327779791474343,0.0025477230872860135,0.38103527501420054,0.038197797914743425
121,4.5,0.42732,4.119713360364223,0.3940792738825083,0.00287129214365367,4.391761609190121,0.4172821712523699,0.00024048773641877075,4.176605685428995,0.4111405708098412,0.014530093868492022,4.3905889285895014,0.38978145464599134,0.02714887111982922,4.457076303785276,0.41773627382516865,0.005507693106005629,2,4.391761609190121,0.4172821712523699,0.00024048773641877075,-0.10823839080987874,-0.010037828747630095
122,4.5,0.38052,4.576744832694733,0.3835484735399485,0.0034610755698205597,4.6111193645838195,0.3884020369231701,0.0015142226486331567,4.622225830388697,0.41245982344269755,0.021604401107734983,4.752369362257516,0.3780338070839644,0.0238265524780642,4.7066522611617465,0.392286669921875,0.005707851510990958,2,4.6111193645838195,0.3884020369231701,0.0015142226486331567,0.11111936458381955,0.007882036923170077
123,4.5,0.36515,4.508980122927945,0.37143856237232686,0.005559876999285618,4.696328425048509,0.38714580104768276,0.006064841852633229,4.492295903845923,0.3932543527019024,0.02872949901092281,4.727060796537998,0.3633081530672312,0.020266567327117735,4.791976592666289,0.3938209942919016,0.0049787177097155855,5,4.791976592666289,0.3938209942919016,0.0049787177097155855,0.2919765926662894,0.02867099429190162
124,5.5,0.39394,5.197872719453157,0.3622005348938704,0.010099474723982815,5.069898608777378,0.3523538801151514,0.010779925325151096,5.195537975321377,0.3847447734773159,0.012611990975175569,5.257315163487329,0.3518170537263155,0.02474054811822063,5.221679728206156,0.3737599724072218,0.0002452250953871027,5,5.221679728206156,0.3737599724072218,0.0002452250953871027,-0.2783202717938442,-0.020180027592778205
125,5.5,0.38246,5.058858878837679,0.350088103055954,0.001695751203399487,5.146303590785853,0.35684642749726775,0.0010181731399715455,4.9313337185276485,0.3610989255911112,0.018182939260742437,5.235178068088004,0.340959584698081,0.023085185601811387,5.103699313340876,0.36261170968770984,0.00770973309009837,2,5.146303590785853,0.35684642749726775,0.0010181731399715455,-0.35369640921414724,-0.025613572502732274
126,6.41807,0.35107,6.1238879564527195,0.35543933332383637,0.020461165047351848,6.1113694204096305,0.3492427109771967,0.014949309682576795,6.3555574678224005,0.34966587805092336,0.0020153308681016835,6.262586824007544,0.3557190768039227,0.013154046565572564,6.26206153185663,0.3543965905839205,0.01186029395463939,3,6.3555574678224005,0.34966587805092336,0.0020153308681016835,-0.06251253217759967,-0.001404121949076631
127,6.28624,0.375,5.977210613985898,0.37331343184530735,0.01674829962453328,5.767382436794865,0.3565464168095589,0.012498396093723552,6.023958581968783,0.3528221901023388,0.006531650173304093,6.020378101687003,0.374984559866786,0.015844309927428024,6.030545715206754,0.36356375921964645,0.003816969425300465,5,6.030545715206754,0.36356375921964645,0.003816969425300465,-0.25569428479324596,-0.011436240780353546
128,4.76723,0.303,5.724308985994693,0.3708739322263003,0.007043017887457925,4.219646526658681,0.27798993076384065,0.00979374188984411,4.642098709331943,0.2734361234551668,0.0216106711884525,4.774319395004447,0.31862738795518875,0.015176788925671703,5.1489684752203715,0.32660031902015213,0.0006625720684875769,5,5.1489684752203715,0.32660031902015213,0.0006625720684875769,0.38173847522037185,0.02360031902015214
129,6.18079,0.34861,6.064999622329425,0.3610484867238999,0.01896931681881686,6.097125357791886,0.35677004354894165,0.01287891229119359,6.376298165800337,0.35689149402678016,0.002745590795747044,6.254265063849664,0.3638134328854084,0.011059280431506002,6.320196559622985,0.36307869568645956,0.006605863471770057,3,6.376298165800337,0.35689149402678016,0.002745590795747044,0.19550816580033725,0.00828149402678019
130,5.95364,0.35107,5.94157315640578,0.36635307186067106,0.01599462116959538,5.953784303009258,0.3617087241119146,0.010630215232117712,6.213463665913983,0.3603481477630139,0.006042948687240757,6.11224810930115,0.37108691613554956,0.010664226480467442,6.188435694173057,0.3666822866779566,0.0017670218252034964,5,6.188435694173057,0.3666822866779566,0.0017670218252034964,0.2347956941730569,0.01561228667795661
131,2.292050793650794,0.26266,1.995545150810891,0.2557152893260121,0.02703366950222927,2.4225561008804837,0.2710709199565649,0.00654447403149927,2.4342222379183367,0.2579072794911265,0.021045007883598643,2.331074121876372,0.2827384152954817,0.015606496028520489,2.2781072054571543,0.27727953458309174,0.016217415460164197,2,2.4225561008804837,0.2710709199565649,0.00654447403149927,0.13050530722968956,0.0084109199565649
132,4.577993650793651,0.31443,4.532196367601693,0.32266310840368273,0.011378599476066065,4.53333340518341,0.3140477119493485,0.0026851079533479205,4.654507030082541,0.31767676425695424,0.00200839888307236,4.5165220340552334,0.31134499324440956,0.0011370434119936101,4.480922747367699,0.3243709007203579,0.01660801407053447,4,4.5165220340552334,0.31134499324440956,0.0011370434119936101,-0.06147161673841772,-0.003085006755590425
133,5.046891934688171,0.3734712160015049,4.849480157587129,0.37783368113934995,0.018970980504941837,4.954596223289758,0.372572482085228,0.005931167250472658,5.179765560276095,0.3740864119410515,0.009217488108029248,4.85578922472019,0.36575969588875773,0.00643012276569499,5.034513938565361,0.37568003571629527,0.0031247906868849262,5,5.034513938565361,0.37568003571629527,0.0031247906868849262,-0.012377996122809876,0.0022088197147903665
134,3.785168951016128,0.3596336744419609,3.501756943925993,0.36442465723991396,0.03171831837822403,3.6964492246646214,0.36809510964751246,0.016890811913623238,3.942405266929888,0.3598662414330244,0.014706649739346878,3.7200246801884402,0.3579464327371121,0.004502201272833073,3.724127924747453,0.3714609428691864,0.017626856969964022,4,3.7200246801884402,0.3579464327371121,0.004502201272833073,-0.06514427082768792,-0.001687241704848852
135,2.67744,0.27421,2.630708297821008,0.2882937943959236,0.01886982805993248,2.6612619486412505,0.29776596413731576,0.025212845931140926,2.8385217596882786,0.2987830164092779,0.008075836270878878,2.7962481281207774,0.2949096627736092,0.008531936226768122,2.8759155839019606,0.30399576257884503,0.009458894274538054,3,2.8385217596882786,0.2987830164092779,0.008075836270878878,0.16108175968827876,0.024573016409277892
136,3.54062,0.31344,3.248049935380018,0.3082746895188093,0.020735011525054636,3.3216815871730576,0.3127208209216595,0.01866276363327063,3.475328024591051,0.3117539783650637,0.004094083660684311,3.4169778747744424,0.31243315897226337,0.00993882010075392,3.559379318909839,0.3205660634863377,0.005465371200576663,3,3.475328024591051,0.3117539783650637,0.004094083660684311,-0.06529197540894893,-0.0016860216349363077
137,1.79168,0.2501,1.370444710562763,0.20428774647951126,0.012987839240698573,1.6710873817124376,0.2357397283488512,0.0024732137309314006,1.6511052986261718,0.2217467746257782,0.008730447865740426,1.6001403317686287,0.2283391167473793,0.004976076504244531,1.6887996870205262,0.24044946075737475,0.00471049151483055,2,1.6710873817124376,0.2357397283488512,0.0024732137309314006,-0.12059261828756229,-0.014360271651148782
138,4.44762,0.33224,4.2150366962139945,0.3257747358453274,0.01090885788894419,4.18210482183466,0.3246776841181517,0.01227183777869656,4.370496630210743,0.325843277708292,0.0006355545668269014,4.331980177295326,0.3273181499052048,0.003716520757136188,4.373569513457377,0.33175697391033176,0.0050485953344232,3,4.370496630210743,0.325843277708292,0.0006355545668269014,-0.07712336978925638,-0.006396722291707957
139,7.04,0.3691662918251112,7.324633010678994,0.3801507118278742,0.003941300970669692,7.09939289322959,0.37616212027549745,0.003881338148577662,7.190323037409137,0.36997705736637115,0.007071955749195391,7.284072266317745,0.3743140361070633,0.007651036281004608,7.291892496337312,0.3765012650060654,0.005873887707444625,2,7.09939289322959,0.37616212027549745,0.003881338148577662,0.05939289322958974,0.0069958284503862656
140,10.52,0.381997256067246,10.466189990455087,0.38763335978984836,0.007590024803154571,10.399603775398385,0.38144475775778297,0.003819269882346321,10.420702420289553,0.3763076826196909,0.0020839292584107216,10.676351341397277,0.3875476824611426,0.00012693198543289874,10.72802714633392,0.3884400252068043,0.0011110165991210508,4,10.676351341397277,0.3875476824611426,0.00012693198543289874,0.15635134139727747,0.005550426393896579
141,7.04,0.3724211729221509,7.090705602537437,0.3759553489273787,0.0008518127184859448,7.005964704278471,0.3725472499209643,0.0019265694926134391,7.184759187437238,0.3676623181962967,0.012416721758854221,7.232708400993339,0.3764390375494957,0.006176551033043209,7.1152664232221134,0.37629584310770037,0.00010697856126257177,5,7.1152664232221134,0.37629584310770037,0.00010697856126257177,0.07526642322211341,0.003874670185549489
142,6.94,0.36389,6.864136329106558,0.36997466400265694,0.010062486185568376,6.926584920522186,0.372187888905406,0.009001299354578773,7.072768822046475,0.3708290184646845,2.2536325295197113e-05,6.678369464760833,0.3578905706095696,0.007718839879671036,7.068177192292292,0.37529042665719986,0.004679628079702403,3,7.072768822046475,0.3708290184646845,2.2536325295197113e-05,0.1327688220464749,0.006939018464684532
143,6.94,0.35996,6.8441307367950595,0.3716205089372397,0.016633017853213028,6.904665222259427,0.36002285398840905,0.001895594547309587,6.951114395573217,0.3625285275679827,0.001992068751286491,6.810909926453985,0.35263008447229865,0.000634328463709033,6.986142635596212,0.3687221709406376,0.006368887238349663,4,6.810909926453985,0.35263008447229865,0.000634328463709033,-0.1290900735460152,-0.007329915527701347
144,6.94,0.32764,7.014485155307677,0.3455086307406426,0.014352172373503336,6.965830159419839,0.34264522566974165,0.013785787791396498,7.026545135065031,0.3434454493737221,0.011719634867678963,7.137506150292888,0.34391240991115574,0.006948084522831355,7.3403659908948535,0.3606805707061291,0.014139156640407269,4,7.137506150292888,0.34391240991115574,0.006948084522831355,0.1975061502928872,0.01627240991115575
145,6.94,0.36296,6.816220989057784,0.3707045380902291,0.01421816638056178,6.865448295547002,0.365622026552558,0.006561081056689733,6.8682810307939395,0.3635014808404446,0.004292384116525494,6.846567101448815,0.3588118119490147,0.0007383474031352755,6.871585467269753,0.3675180289179087,0.00813611112910645,4,6.846567101448815,0.3588118119490147,0.0007383474031352755,-0.09343289855118542,-0.004148188050985324
146,6.94,0.36398,6.847723350870508,0.366099629920125,0.0069592337213683075,6.877838921181832,0.3630785938411951,0.0023587357834856104,6.830668798294218,0.35880916397213936,0.0005632225367256938,6.874597175973307,0.3652792408537865,0.004729401589026183,6.834327137085373,0.36021791313111784,0.0017801039499492632,3,6.830668798294218,0.35880916397213936,0.0005632225367256938,-0.10933120170578281,-0.00517083602786067
147,10.52,0.3861,10.510733147013397,0.38944836970865726,0.003688460134199767,10.484318889345806,0.3891136297857762,0.004323163684652576,10.376676972261112,0.3788545780700445,0.0019852657842560073,10.806385163548342,0.39021182727217674,0.006398961453030871,10.854058838873211,0.39551732901632786,0.0028431561786859683,3,10.376676972261112,0.3788545780700445,0.0019852657842560073,-0.14332302773888728,-0.007245421929955476
148,10.52,0.38078,10.466014050446889,0.39216768919169903,0.013341755798750798,10.659627940273198,0.3915146064335108,0.005680660039838636,10.537840042069584,0.38488119520902636,0.0034554613392977496,10.71809361391703,0.3863539541167021,0.0015962051238873065,10.930229739778824,0.3945402510106564,0.0010883487038904072,5,10.930229739778824,0.3945402510106564,0.0010883487038904072,0.41022973977882415,0.013760251010656366
149,1.800395546901654,0.22023,1.2310092838141355,0.16956043363660575,0.0189795373629999,1.3362327209513656,0.16852601674705744,0.005073861351813785,1.8603571206179357,0.20340492626607418,0.024159760934066882,1.5168192137626002,0.1710954072701931,0.01444665134508874,1.6142130045508014,0.1890168893009424,0.00843868166652223,2,1.3362327209513656,0.16852601674705744,0.005073861351813785,-0.46416282595028835,-0.051703983252942565
150,1.800395546901654,0.20914,1.314393093087453,0.16741853861093522,0.014734216933936478,1.2539676221755784,0.15698016284584998,0.01131506706612162,1.4111884729785176,0.15509527434498072,0.008833124159460165,1.7295602597962596,0.18875015655338764,0.01216137931460809,1.5302716727371377,0.17937252467870712,0.0016110212424970127,5,1.5302716727371377,0.17937252467870712,0.0016110212424970127,-0.2701238741645162,-0.02976747532129287
151,3.600791093803309,0.23321,3.5631339696882405,0.2421034151211381,0.011332331291620784,4.029149505081054,0.2555496252727509,0.00540357101699529,3.685189569714674,0.2343968348839879,0.0042793413010734915,3.833258506642891,0.2501111645358801,0.001845107827915221,3.8226487680163315,0.25256222359240055,0.004983320638077243,4,3.833258506642891,0.2501111645358801,0.001845107827915221,0.23246741283958183,0.016901164535880114
152,0.9001977734508272,0.12111,1.650320899422955,0.20624684198617935,0.01578254966809073,1.7119413594206843,0.2066539429694414,0.023665686814598463,1.617486095392971,0.19952052241921425,0.018091369846655936,1.8051856455615105,0.22244876857221127,0.020415677274161215,1.6423219487341407,0.20262079411387443,0.018332441893375184,1,1.650320899422955,0.20624684198617935,0.01578254966809073,0.7501231259721278,0.08513684198617935
153,3.600791093803309,0.24937,2.989251536453125,0.27764309671580795,0.07062479271503433,4.262125674356448,0.2972749935787916,0.0021047752871728997,3.338856213749196,0.2725563840609789,0.041326478432847424,4.142554468583709,0.29970695664823055,0.012817549765266667,3.727116882587877,0.2884859000259638,0.030367301963283744,2,4.262125674356448,0.2972749935787916,0.0021047752871728997,0.661334580553139,0.047904993578791605
154,3.240711984422978,0.30244,1.9799120216054318,0.2193389234226942,0.03456329608637945,2.946883615197322,0.2635769671702385,0.011441449175185359,2.0936521811581885,0.2077407974395156,0.012350350300424029,2.555404331194298,0.24567748371660708,0.00719393836619639,2.436931739323325,0.2361539330393076,0.008726862545475528,4,2.555404331194298,0.24567748371660708,0.00719393836619639,-0.6853076532286799,-0.056762516283392905
155,1.4,0.18253,1.0843493204788706,0.1646269471821189,0.023251031715678078,1.3514180373342342,0.18254216572910548,0.006346212453077232,1.3932293208054787,0.1778635088568926,0.0037837398328346428,1.462667862130146,0.1958238703173399,0.005123323799110513,1.5548471550891636,0.2013329352837801,0.0013858157770363089,5,1.5548471550891636,0.2013329352837801,0.0013858157770363089,0.1548471550891637,0.018802935283780103
156,5.37,0.32495,4.725922747806808,0.3126301786363125,0.02665465263271538,5.263937181382098,0.31731205636501314,0.0012198546769605634,5.392261655350064,0.318663288410902,0.007633806469329374,5.355124663102372,0.3241350270879269,8.516972277206047e-05,5.251054631528944,0.32736744301319126,0.009615082160063404,4,5.355124663102372,0.3241350270879269,8.516972277206047e-05,-0.014875336897627989,-0.0008149729120731086
157,3.23292,0.3578085035680191,3.1639119349939717,0.36465248509645465,0.014481554828450871,3.2620313519223068,0.3803446761339903,0.019314225054698708,3.3952095961451763,0.3710372156465054,0.004732947102754237,3.420388987519595,0.3937499826812744,0.015193051184237083,3.5563489039410463,0.38821897006034856,0.00538553905283079,3,3.3952095961451763,0.3710372156465054,0.004732947102754237,0.16228959614517624,0.013228712078486304
158,4.05475,0.4572658784092896,3.9930805394635875,0.45818114162147044,0.007869908150860694,3.8493489281972453,0.4529520492869616,0.018849845040380286,4.10826285095136,0.4596616662305594,0.0036390094131908413,3.8389715011619696,0.4492963899040222,0.01636447809765651,4.156139008958079,0.4677591540539265,0.0009406543027181136,5,4.156139008958079,0.4677591540539265,0.0009406543027181136,0.1013890089580789,0.010493275644636868
159,2.71215,0.3090988937046009,2.682560801127954,0.309444102306366,0.0037174345698969824,2.629330606664859,0.31262159817278384,0.012961480715183993,2.78585907286657,0.3146834300899506,0.0028159573508786395,2.731513580535415,0.3228287088036537,0.0115229801495762,3.0201196547592843,0.34679366336464884,0.002596015420664788,5,3.0201196547592843,0.34679366336464884,0.002596015420664788,0.3079696547592845,0.03769476966004792
